teacher_id,teacher_name,department_name,position,salary,department_id
124,teacher124,department13,Assistant_Professor,40000,13
125,teacher125,department13,Assistant_Professor,40000,13
126,teacher126,department13,Professor,90000,13
127,teacher127,department13,Professor,90000,13
128,teacher128,department13,Professor,90000,13
129,teacher129,department13,Professor,90000,13
130,teacher130,department13,Professor,90000,13
131,teacher131,department14,Assistant_Professor,40000,14
132,teacher132,department14,Assistant_Professor,40000,14
133,teacher133,department14,Assistant_Professor,40000,14
134,teacher134,department14,Assistant_Professor,40000,14
135,teacher135,department14,Assistant_Professor,40000,14
136,teacher136,department14,Professor,90000,14
137,teacher137,department14,Professor,90000,14
138,teacher138,department14,Professor,90000,14
139,teacher139,department14,Professor,90000,14
140,teacher140,department14,Professor,90000,14
141,teacher141,department15,Assistant_Professor,40000,15
142,teacher142,department15,Assistant_Professor,40000,15
143,teacher143,department15,Assistant_Professor,40000,15
144,teacher144,department15,Assistant_Professor,40000,15
145,teacher145,department15,Assistant_Professor,40000,15
146,teacher146,department15,Professor,90000,15
147,teacher147,department15,Professor,90000,15
148,teacher148,department15,Professor,90000,15
149,teacher149,department15,Professor,90000,15
150,teacher150,department15,Professor,90000,15
151,teacher151,department16,Assistant_Professor,40000,16
152,teacher152,department16,Assistant_Professor,40000,16
153,teacher153,department16,Assistant_Professor,40000,16
154,teacher154,department16,Assistant_Professor,40000,16
155,teacher155,department16,Assistant_Professor,40000,16
156,teacher156,department16,Professor,90000,16
157,teacher157,department16,Professor,90000,16
158,teacher158,department16,Professor,90000,16
159,teacher159,department16,Professor,90000,16
160,teacher160,department16,Professor,90000,16
161,teacher161,department17,Assistant_Professor,40000,17
162,teacher162,department17,Assistant_Professor,40000,17
163,teacher163,department17,Assistant_Professor,40000,17
164,teacher164,department17,Assistant_Professor,40000,17
165,teacher165,department17,Assistant_Professor,40000,17
166,teacher166,department17,Professor,90000,17
167,teacher167,department17,Professor,90000,17
168,teacher168,department17,Professor,90000,17
169,teacher169,department17,Professor,90000,17
170,teacher170,department17,Professor,90000,17
171,teacher171,department18,Assistant_Professor,40000,18
172,teacher172,department18,Assistant_Professor,40000,18
173,teacher173,department18,Assistant_Professor,40000,18
174,teacher174,department18,Assistant_Professor,40000,18
175,teacher175,department18,Assistant_Professor,40000,18
176,teacher176,department18,Professor,90000,18
177,teacher177,department18,Professor,90000,18
178,teacher178,department18,Professor,90000,18
179,teacher179,department18,Professor,90000,18
180,teacher180,department18,Professor,90000,18
181,teacher181,department19,Assistant_Professor,40000,19
182,teacher182,department19,Assistant_Professor,40000,19
183,teacher183,department19,Assistant_Professor,40000,19
184,teacher184,department19,Assistant_Professor,40000,19
185,teacher185,department19,Assistant_Professor,40000,19
186,teacher186,department19,Professor,90000,19
187,teacher187,department19,Professor,90000,19
188,teacher188,department19,Professor,90000,19
189,teacher189,department19,Professor,90000,19
190,teacher190,department19,Professor,90000,19
191,teacher191,department20,Assistant_Professor,40000,20
192,teacher192,department20,Assistant_Professor,40000,20
193,teacher193,department20,Assistant_Professor,40000,20
194,teacher194,department20,Assistant_Professor,40000,20
195,teacher195,department20,Assistant_Professor,40000,20
196,teacher196,department20,Professor,90000,20
197,teacher197,department20,Professor,90000,20
198,teacher198,department20,Professor,90000,20
199,teacher199,department20,Professor,90000,20
200,teacher200,department20,Professor,90000,20
